id,first_name,last_name,email,gender,age,salary,date_of_birth
1,Joan,White,jwhite0@phpbb.com,Female,95,173434,1974-12-26
2,Kathleen,Sullivan,ksullivan1@hp.com,Female,65,438805,1971-01-19
3,Rebecca,Reynolds,rreynolds2@xrea.com,Female,86,130123,1990-12-04
4,Julia,Sullivan,jsullivan3@nymag.com,Female,68,24662,1993-01-01
5,Michael,Allen,mallen4@statcounter.com,Male,46,627249,1954-04-24
6,Gerald,Hart,ghart5@ucla.edu,Male,42,55686,2014-07-12
7,Randy,Lee,rlee6@yellowbook.com,Male,80,447715,2006-06-24
8,Christina,James,cjames7@hao123.com,Female,39,82698,1975-12-15
9,Christina,Perry,cperry8@telegraph.co.uk,Female,59,498194,1980-08-30
10,Jonathan,Duncan,jduncan9@sitemeter.com,Male,60,883758,2002-08-11
11,Gregory,Bradley,gbradleya@umich.edu,Male,99,08600,1988-02-06
12,Sharon,Watkins,swatkinsb@nifty.com,Female,91,05834,1979-03-16
13,Kathleen,Howard,khowardc@time.com,Female,28,510698,1963-03-08
14,Beverly,Frazier,bfrazierd@kickstarter.com,Female,56,079428,1958-01-28
15,Andrew,Torres,atorrese@ovh.net,Male,08,04343,1971-09-09
16,Arthur,Ramirez,aramirezf@smugmug.com,Male,59,197235,1975-06-14
17,Rose,Freeman,rfreemang@netscape.com,Female,27,93816,1968-07-23
18,Wayne,Little,wlittleh@yolasite.com,Male,54,06349,1999-10-24
19,Chris,Ward,cwardi@gmpg.org,Male,01,530500,1969-04-01
20,Kathleen,Barnes,kbarnesj@addthis.com,Female,88,100269,1958-09-29
21,Beverly,Garza,bgarzak@yellowpages.com,Female,72,24407,1971-03-13
22,Alice,Long,alongl@cocolog-nifty.com,Female,07,15564,2002-03-10
23,Paul,Carr,pcarrm@privacy.gov.au,Male,76,790057,2006-01-09
24,Joe,Powell,jpowelln@pagesperso-orange.fr,Male,63,30923,1998-02-16
25,Robin,Walker,rwalkero@vinaora.com,Female,53,36582,1953-05-19
26,Irene,Wheeler,iwheelerp@admin.ch,Female,89,650423,1988-11-17
27,Julie,Williamson,jwilliamsonq@uiuc.edu,Female,61,271605,1972-05-29
28,Diana,Harris,dharrisr@symantec.com,Female,49,41459,2006-06-08
29,Melissa,Cook,mcooks@vk.com,Female,44,708839,1986-11-04
30,James,Torres,jtorrest@forbes.com,Male,52,858405,1978-02-14
31,Andrew,Ross,arossu@instagram.com,Male,65,46674,1988-08-19
32,Jason,Watson,jwatsonv@ifeng.com,Male,11,23701,1956-04-26
33,Betty,Young,byoungw@phoca.cz,Female,99,03159,1964-06-10
34,Mary,Moore,mmoorex@fotki.com,Female,54,094270,1997-09-13
35,Dennis,Gray,dgrayy@instagram.com,Male,50,128513,2014-11-14
36,Benjamin,Russell,brussellz@freewebs.com,Male,29,067098,1962-12-04
37,Marilyn,Harris,mharris10@cam.ac.uk,Female,17,496549,1955-04-12
38,Daniel,Watson,dwatson11@51.la,Male,85,86532,1974-09-18
39,Jeremy,Graham,jgraham12@thetimes.co.uk,Male,78,74793,1967-06-04
40,Gerald,Moore,gmoore13@weather.com,Male,93,483254,1961-12-02
41,Sandra,Roberts,sroberts14@foxnews.com,Female,54,07213,1969-06-29
42,Jonathan,Griffin,jgriffin15@arizona.edu,Male,04,41373,2011-12-14
43,Ryan,Hill,rhill16@gizmodo.com,Male,17,746571,1958-01-07
44,Harold,Morales,hmorales17@dion.ne.jp,Male,33,204383,1994-02-05
45,Kimberly,Mcdonald,kmcdonald18@cargocollective.com,Female,17,96465,2004-10-26
46,Brian,Hunter,bhunter19@yellowbook.com,Male,32,23218,2001-08-19
47,Patrick,Cooper,pcooper1a@ox.ac.uk,Male,00,828848,1976-05-04
48,Ryan,Diaz,rdiaz1b@earthlink.net,Male,07,66238,1952-06-09
49,Catherine,Pierce,cpierce1c@fema.gov,Female,87,17434,1996-07-13
50,Keith,Stone,kstone1d@msn.com,Male,31,699422,1951-05-21
51,Harold,Garza,hgarza1e@sohu.com,Male,95,876327,1971-06-27
52,Catherine,Jenkins,cjenkins1f@de.vu,Female,20,74840,1992-03-18
53,Bruce,Welch,bwelch1g@woothemes.com,Male,00,35315,2003-10-07
54,Richard,Hunter,rhunter1h@cbsnews.com,Male,31,48481,1998-07-10
55,Lois,Gutierrez,lgutierrez1i@desdev.cn,Female,59,98303,1974-05-25
56,Tina,Medina,tmedina1j@homestead.com,Female,13,990450,1996-06-19
57,Fred,Wallace,fwallace1k@theglobeandmail.com,Male,39,122113,1981-11-02
58,Nancy,Robertson,nrobertson1l@elegantthemes.com,Female,13,844276,2003-12-09
59,Barbara,Hamilton,bhamilton1m@gravatar.com,Female,19,982689,1962-02-18
60,Martha,Johnston,mjohnston1n@youtu.be,Female,76,207759,1987-04-28
61,Sean,Kelley,skelley1o@sciencedirect.com,Male,64,775242,1957-08-27
62,Joshua,Knight,jknight1p@360.cn,Male,07,456171,1956-10-09
63,Johnny,Hanson,jhanson1q@wikia.com,Male,04,555013,1956-10-03
64,Phyllis,Ryan,pryan1r@cpanel.net,Female,66,50988,1987-09-12
65,Carlos,Richardson,crichardson1s@dailymotion.com,Male,38,348062,1953-03-29
66,Jeremy,Webb,jwebb1t@godaddy.com,Male,75,30922,1955-08-04
67,Kenneth,Anderson,kanderson1u@trellian.com,Male,55,335039,2000-03-19
68,Ashley,Wallace,awallace1v@plala.or.jp,Female,56,29146,2005-05-05
69,Wanda,Rodriguez,wrodriguez1w@rambler.ru,Female,50,298645,2015-07-18
70,Kimberly,Pierce,kpierce1x@scientificamerican.com,Female,22,32959,1985-10-17
71,Nicole,Riley,nriley1y@elpais.com,Female,20,386534,1954-12-20
72,Cynthia,Bishop,cbishop1z@biblegateway.com,Female,83,64318,2014-10-21
73,Sean,Howard,showard20@netvibes.com,Male,40,865328,1974-04-19
74,Howard,Oliver,holiver21@google.pl,Male,63,60865,1997-08-27
75,Sarah,Perry,sperry22@timesonline.co.uk,Female,05,95413,2012-02-11
76,Matthew,Webb,mwebb23@wordpress.com,Male,38,09583,2004-04-10
77,Rachel,Knight,rknight24@disqus.com,Female,19,210416,1978-10-17
78,Alan,Crawford,acrawford25@hhs.gov,Male,78,82264,1986-04-27
79,Janet,Wood,jwood26@gnu.org,Female,91,329063,1952-04-25
80,Kimberly,Fields,kfields27@51.la,Female,76,83943,2012-02-23
81,Terry,Ross,tross28@devhub.com,Male,02,06800,1986-04-29
82,Rebecca,Martinez,rmartinez29@constantcontact.com,Female,17,31947,2003-11-01
83,David,Long,dlong2a@t-online.de,Male,42,36720,1966-03-08
84,Jessica,Webb,jwebb2b@fema.gov,Female,40,291411,2003-09-04
85,Howard,Carr,hcarr2c@nhs.uk,Male,78,85371,2005-04-07
86,Joshua,Garcia,jgarcia2d@bloglines.com,Male,26,708088,1987-03-01
87,Frank,Thomas,fthomas2e@ustream.tv,Male,89,010056,1954-05-14
88,Ronald,Ellis,rellis2f@youtube.com,Male,90,813130,1977-10-07
89,Antonio,Mitchell,amitchell2g@pinterest.com,Male,95,89793,1994-01-16
90,Melissa,Ruiz,mruiz2h@whitehouse.gov,Female,87,550024,2001-12-06
91,Carolyn,Coleman,ccoleman2i@google.ru,Female,39,107897,1983-02-07
92,Jimmy,Spencer,jspencer2j@aol.com,Male,67,208103,1957-09-22
93,Angela,Hunt,ahunt2k@diigo.com,Female,63,506551,1998-12-19
94,Anne,George,ageorge2l@symantec.com,Female,09,43527,2003-07-25
95,Diana,Hernandez,dhernandez2m@chronoengine.com,Female,11,88433,2013-01-02
96,Thomas,Reid,treid2n@army.mil,Male,36,46824,1962-04-26
97,Barbara,Reynolds,breynolds2o@infoseek.co.jp,Female,98,329668,1960-08-04
98,Edward,Fox,efox2p@fc2.com,Male,64,54429,1986-07-10
99,Marilyn,Powell,mpowell2q@cyberchimps.com,Female,49,60028,1960-04-11
100,Norma,Walker,nwalker2r@so-net.ne.jp,Female,42,105946,1991-07-03
101,Mildred,Robertson,mrobertson2s@desdev.cn,Female,51,07017,1986-05-30
102,Mildred,Walker,mwalker2t@admin.ch,Female,93,172015,1955-02-22
103,Andrea,Henderson,ahenderson2u@google.ca,Female,26,409302,1990-01-10
104,Cynthia,Carter,ccarter2v@icio.us,Female,65,338047,1980-07-30
105,Virginia,Howard,vhoward2w@blogger.com,Female,79,87812,1961-11-02
106,Emily,Cooper,ecooper2x@creativecommons.org,Female,72,84098,2015-09-08
107,Carolyn,Daniels,cdaniels2y@plala.or.jp,Female,24,318931,1992-02-05
108,Sarah,Meyer,smeyer2z@state.tx.us,Female,81,49099,1966-06-30
109,Diana,Olson,dolson30@wikipedia.org,Female,38,942501,2009-05-27
110,Lois,Olson,lolson31@spiegel.de,Female,54,57543,2014-02-02
111,Gregory,Garrett,ggarrett32@engadget.com,Male,32,352858,1950-11-12
112,Phyllis,Spencer,pspencer33@odnoklassniki.ru,Female,34,79750,1998-07-12
113,Gerald,Franklin,gfranklin34@archive.org,Male,60,28833,1980-06-18
114,John,Ross,jross35@github.io,Male,52,449183,1987-05-08
115,John,Owens,jowens36@theguardian.com,Male,14,69379,1998-08-25
116,Elizabeth,Fox,efox37@amazon.de,Female,56,099012,2009-04-24
117,Matthew,Myers,mmyers38@shop-pro.jp,Male,23,40821,2004-02-22
118,Steve,Hart,shart39@netlog.com,Male,35,33519,1995-05-21
119,Peter,Burns,pburns3a@cargocollective.com,Male,54,26723,1993-09-13
120,Nicole,Gonzalez,ngonzalez3b@godaddy.com,Female,20,554978,1958-08-15
121,Lori,Ward,lward3c@yahoo.com,Female,37,66044,1977-07-04
122,Mark,Pierce,mpierce3d@multiply.com,Male,93,61650,1992-02-17
123,Arthur,Owens,aowens3e@eepurl.com,Male,65,17754,1970-05-30
124,Gary,Stevens,gstevens3f@slate.com,Male,46,82423,1999-08-28
125,Mildred,Frazier,mfrazier3g@diigo.com,Female,09,184462,1950-04-04
126,Michelle,Armstrong,marmstrong3h@mashable.com,Female,57,033765,1957-02-23
127,Earl,Reed,ereed3i@discuz.net,Male,69,04672,1964-12-10
128,Jason,Watkins,jwatkins3j@google.com,Male,51,77744,1979-01-31
129,Linda,Porter,lporter3k@networkadvertising.org,Female,76,11874,1981-04-24
130,Theresa,Hughes,thughes3l@msn.com,Female,14,80374,1996-02-29
131,Heather,Morrison,hmorrison3m@mail.ru,Female,91,342666,2004-09-27
132,Harry,Collins,hcollins3n@seesaa.net,Male,93,615208,1971-06-27
133,Scott,Jenkins,sjenkins3o@multiply.com,Male,64,70720,1974-10-10
134,Wayne,Shaw,wshaw3p@ameblo.jp,Male,60,22978,2002-09-22
135,Lois,Rice,lrice3q@clickbank.net,Female,04,83235,2010-01-15
136,Mark,Wilson,mwilson3r@bloglines.com,Male,08,61201,2001-11-03
137,Stephanie,Reid,sreid3s@boston.com,Female,46,708518,1975-01-25
138,Sharon,Nguyen,snguyen3t@addtoany.com,Female,06,23318,1986-04-07
139,Kenneth,Harper,kharper3u@dion.ne.jp,Male,02,78643,1956-04-21
140,Brandon,Stephens,bstephens3v@craigslist.org,Male,02,850598,1975-08-26
141,Lois,West,lwest3w@patch.com,Female,49,92614,1962-08-03
142,Sharon,Lawson,slawson3x@hud.gov,Female,39,57758,2011-06-19
143,Brenda,Gray,bgray3y@odnoklassniki.ru,Female,82,580582,2010-10-21
144,Billy,Roberts,broberts3z@nba.com,Male,47,825411,2008-08-11
145,Louis,Wallace,lwallace40@deviantart.com,Male,11,680880,1995-11-27
146,Jacqueline,Simmons,jsimmons41@mysql.com,Female,67,513003,1980-09-14
147,Louise,Alexander,lalexander42@who.int,Female,12,55964,1959-03-08
148,Sarah,Wilson,swilson43@wikimedia.org,Female,80,185360,2008-05-28
149,Adam,Stevens,astevens44@godaddy.com,Male,96,39535,2013-08-05
150,Christina,Reed,creed45@yolasite.com,Female,03,20752,1988-01-15
151,Albert,Long,along46@jiathis.com,Male,21,150600,1953-08-27
152,Julia,Weaver,jweaver47@google.com.br,Female,58,78840,1978-10-05
153,James,Adams,jadams48@telegraph.co.uk,Male,52,33755,2010-01-16
154,Johnny,Romero,jromero49@army.mil,Male,97,690075,1989-03-28
155,Gregory,Williamson,gwilliamson4a@youku.com,Male,02,37278,1993-04-24
156,Roger,Pierce,rpierce4b@wunderground.com,Male,33,834971,1950-05-05
157,Keith,Lopez,klopez4c@indiatimes.com,Male,50,330854,1992-09-23
158,Amanda,Bell,abell4d@amazon.de,Female,59,57368,1971-07-22
159,Chris,West,cwest4e@nih.gov,Male,79,23242,2008-02-09
160,Bobby,Smith,bsmith4f@phoca.cz,Male,83,276271,1994-06-04
161,Patricia,Gutierrez,pgutierrez4g@google.cn,Female,95,64378,2009-09-16
162,Anthony,Gardner,agardner4h@blogspot.com,Male,29,814516,2004-08-05
163,Sara,Richardson,srichardson4i@facebook.com,Female,65,415146,2006-04-30
164,Donald,Davis,ddavis4j@bravesites.com,Male,78,431850,2015-12-17
165,Phillip,Mcdonald,pmcdonald4k@topsy.com,Male,34,795555,1977-04-24
166,Gregory,Hicks,ghicks4l@alexa.com,Male,71,765955,2006-11-26
167,Anna,Russell,arussell4m@hao123.com,Female,36,798064,1952-02-25
168,Marilyn,Green,mgreen4n@ezinearticles.com,Female,73,17451,1960-06-02
169,Roger,Romero,rromero4o@who.int,Male,93,741326,1969-12-03
170,Amanda,Davis,adavis4p@globo.com,Female,08,552185,1978-03-15
171,Martha,Kennedy,mkennedy4q@lulu.com,Female,52,182654,1980-09-01
172,Angela,Robertson,arobertson4r@yahoo.com,Female,71,332050,2012-01-11
173,Andrew,Bryant,abryant4s@amazon.co.jp,Male,83,293266,1950-06-28
174,Douglas,Larson,dlarson4t@craigslist.org,Male,24,838166,1992-10-18
175,Carl,Ortiz,cortiz4u@behance.net,Male,73,760861,2005-05-18
176,Carolyn,Clark,cclark4v@people.com.cn,Female,29,137258,1976-07-22
177,Howard,Moreno,hmoreno4w@ox.ac.uk,Male,88,608657,1983-03-22
178,Gary,Gordon,ggordon4x@macromedia.com,Male,82,16600,1972-10-11
179,Timothy,Greene,tgreene4y@angelfire.com,Male,85,440159,1958-02-07
180,Catherine,Powell,cpowell4z@myspace.com,Female,34,97284,1975-10-02
181,William,Sanders,wsanders50@accuweather.com,Male,80,90885,2012-12-05
182,Cheryl,James,cjames51@cbc.ca,Female,25,92745,1958-04-03
183,Joshua,Holmes,jholmes52@cnbc.com,Male,95,58559,1993-06-24
184,George,Fox,gfox53@meetup.com,Male,89,39983,2012-11-21
185,Emily,Carr,ecarr54@fda.gov,Female,98,25042,1978-11-30
186,Harry,Ford,hford55@scientificamerican.com,Male,73,502264,2013-04-25
187,Aaron,Shaw,ashaw56@house.gov,Male,82,04916,1953-11-23
188,Jessica,Mason,jmason57@microsoft.com,Female,85,473520,1989-01-31
189,Fred,Morales,fmorales58@cloudflare.com,Male,66,854475,1991-06-19
190,James,Garrett,jgarrett59@accuweather.com,Male,90,53408,1979-03-24
191,Ruth,Rodriguez,rrodriguez5a@wsj.com,Female,09,56396,1987-03-31
192,Emily,Duncan,eduncan5b@chicagotribune.com,Female,87,62066,1964-04-01
193,Craig,Dean,cdean5c@apache.org,Male,42,97445,1956-12-14
194,Chris,Burton,cburton5d@gizmodo.com,Male,31,463532,2015-02-14
195,Brian,Ryan,bryan5e@samsung.com,Male,36,12658,2014-07-14
196,Roger,Nichols,rnichols5f@pcworld.com,Male,62,876523,1954-01-03
197,Virginia,Garrett,vgarrett5g@globo.com,Female,85,89996,2013-01-05
198,Howard,Graham,hgraham5h@sphinn.com,Male,38,98469,1992-01-23
199,Henry,Reid,hreid5i@oracle.com,Male,68,591738,1984-01-04
200,Mark,Richardson,mrichardson5j@merriam-webster.com,Male,43,801388,2000-09-07
201,Linda,Patterson,lpatterson5k@irs.gov,Female,02,235794,2012-01-11
202,Aaron,Duncan,aduncan5l@twitpic.com,Male,15,494053,2003-09-21
203,Antonio,Kelley,akelley5m@imgur.com,Male,83,090241,1996-06-04
204,Louise,Griffin,lgriffin5n@seattletimes.com,Female,95,997792,1950-01-21
205,Deborah,Boyd,dboyd5o@godaddy.com,Female,41,935343,1964-06-27
206,Melissa,Edwards,medwards5p@go.com,Female,54,33724,1954-10-15
207,Chris,Henderson,chenderson5q@intel.com,Male,80,56272,2003-11-22
208,Nicholas,Fox,nfox5r@narod.ru,Male,11,605711,1999-01-15
209,Annie,Young,ayoung5s@indiatimes.com,Female,64,842395,2002-02-27
210,Jacqueline,Patterson,jpatterson5t@amazon.co.uk,Female,03,46024,2003-02-18
211,James,Ray,jray5u@engadget.com,Male,47,309056,1955-07-19
212,Margaret,Stewart,mstewart5v@prweb.com,Female,69,06240,1984-06-21
213,Todd,Howard,thoward5w@cmu.edu,Male,84,592533,2014-03-16
214,Lawrence,Hart,lhart5x@cnet.com,Male,33,86451,1967-02-26
215,Brenda,Jordan,bjordan5y@etsy.com,Female,89,886567,1999-01-04
216,Shirley,Gordon,sgordon5z@delicious.com,Female,09,563917,2004-11-08
217,Samuel,Ferguson,sferguson60@nytimes.com,Male,26,62759,1986-05-21
218,Tina,Vasquez,tvasquez61@cbsnews.com,Female,56,78641,1951-06-20
219,Virginia,Martin,vmartin62@amazonaws.com,Female,42,660960,2009-08-24
220,Dorothy,Perkins,dperkins63@globo.com,Female,09,78108,1966-03-13
221,Philip,White,pwhite64@qq.com,Male,41,180875,1972-11-12
222,Jerry,Weaver,jweaver65@mashable.com,Male,55,338395,1981-06-25
223,Bobby,Montgomery,bmontgomery66@flavors.me,Male,85,50389,1960-03-19
224,Jose,Mccoy,jmccoy67@hubpages.com,Male,77,15595,1993-03-30
225,Frances,Alexander,falexander68@squidoo.com,Female,62,885988,2015-04-07
226,Linda,Duncan,lduncan69@smh.com.au,Female,77,76105,2004-01-23
227,Sean,Collins,scollins6a@zimbio.com,Male,93,913633,1971-08-12
228,Randy,Harrison,rharrison6b@surveymonkey.com,Male,84,986391,2008-06-06
229,Clarence,Sanchez,csanchez6c@guardian.co.uk,Male,00,17094,1963-06-23
230,Sharon,Gomez,sgomez6d@pinterest.com,Female,95,367006,1976-07-30
231,Theresa,Duncan,tduncan6e@yandex.ru,Female,32,63994,2004-04-04
232,Fred,Fowler,ffowler6f@dailymail.co.uk,Male,97,483261,1972-01-08
233,Steve,Sims,ssims6g@networksolutions.com,Male,61,079325,2010-02-27
234,Amanda,Freeman,afreeman6h@dyndns.org,Female,63,41304,1977-10-30
235,Cheryl,Gomez,cgomez6i@sitemeter.com,Female,90,80893,1987-04-17
236,Russell,Wallace,rwallace6j@oracle.com,Male,37,461424,1966-11-15
237,Rose,Sanders,rsanders6k@1und1.de,Female,54,16147,1976-12-27
238,Cheryl,Martin,cmartin6l@usa.gov,Female,43,37088,1975-04-30
239,Susan,Hanson,shanson6m@omniture.com,Female,82,712625,1991-05-10
240,Annie,Cruz,acruz6n@w3.org,Female,90,46239,2004-08-25
241,Barbara,Harrison,bharrison6o@over-blog.com,Female,68,49794,1954-01-31
242,Ann,Perez,aperez6p@blogs.com,Female,01,89787,1988-04-27
243,Nancy,Garza,ngarza6q@statcounter.com,Female,46,412006,1993-07-28
244,Gloria,Perkins,gperkins6r@infoseek.co.jp,Female,88,81875,2011-03-20
245,Lori,Sanchez,lsanchez6s@umn.edu,Female,92,391076,1966-08-20
246,Aaron,Ward,award6t@si.edu,Male,65,250496,2008-09-23
247,Cheryl,Harvey,charvey6u@sphinn.com,Female,98,355713,2014-05-20
248,Judith,Bailey,jbailey6v@odnoklassniki.ru,Female,61,081021,1972-05-22
249,Walter,Phillips,wphillips6w@a8.net,Male,10,82630,1979-06-27
250,Dennis,Lewis,dlewis6x@addtoany.com,Male,37,109043,2006-04-15
251,Phyllis,Clark,pclark6y@prweb.com,Female,99,368751,2002-02-25
252,Anne,Holmes,aholmes6z@wsj.com,Female,81,85082,1954-12-12
253,Margaret,Scott,mscott70@ihg.com,Female,36,105917,1977-07-10
254,Anne,Perez,aperez71@twitter.com,Female,09,88369,1985-10-20
255,Larry,Morris,lmorris72@tmall.com,Male,82,052402,1951-02-04
256,Frances,Chapman,fchapman73@telegraph.co.uk,Female,50,398369,1968-10-07
257,Mark,Rivera,mrivera74@i2i.jp,Male,24,86136,1983-04-24
258,Shawn,Webb,swebb75@cam.ac.uk,Male,64,007712,1950-03-21
259,Jeremy,Foster,jfoster76@yahoo.com,Male,66,24529,1989-07-03
260,Kimberly,Ruiz,kruiz77@gizmodo.com,Female,14,00085,1985-06-04
261,Christina,Fields,cfields78@howstuffworks.com,Female,04,39203,1971-07-04
262,Adam,Jacobs,ajacobs79@altervista.org,Male,31,01704,1965-05-29
263,Paula,Ferguson,pferguson7a@gravatar.com,Female,85,33188,2008-02-26
264,Joe,Marshall,jmarshall7b@desdev.cn,Male,18,065363,1990-12-16
265,Sharon,Greene,sgreene7c@shareasale.com,Female,54,718651,1997-06-15
266,Cheryl,Robinson,crobinson7d@cargocollective.com,Female,69,62096,1977-10-25
267,Deborah,Watkins,dwatkins7e@unc.edu,Female,99,22027,1988-05-13
268,Jerry,Kennedy,jkennedy7f@free.fr,Male,53,06161,1998-05-15
269,Michelle,Crawford,mcrawford7g@walmart.com,Female,43,99547,1951-11-06
270,Brenda,Owens,bowens7h@noaa.gov,Female,12,964110,1960-05-25
271,Alice,Ramos,aramos7i@hugedomains.com,Female,78,51473,1988-09-18
272,Billy,Stanley,bstanley7j@ycombinator.com,Male,44,62434,1969-09-21
273,Ashley,Morrison,amorrison7k@ed.gov,Female,02,720427,1965-11-07
274,Stephen,Meyer,smeyer7l@microsoft.com,Male,12,256468,1961-09-10
275,Harold,Nichols,hnichols7m@moonfruit.com,Male,43,02115,2004-03-14
276,James,Ruiz,jruiz7n@dyndns.org,Male,44,18182,1956-11-20
277,Kathryn,Harrison,kharrison7o@businesswire.com,Female,33,30437,2016-04-27
278,Brandon,Carroll,bcarroll7p@wired.com,Male,58,09470,1998-01-18
279,David,Wagner,dwagner7q@fc2.com,Male,69,09260,1958-12-10
280,Eric,Jacobs,ejacobs7r@hubpages.com,Male,61,257612,1989-12-24
281,Rose,Hanson,rhanson7s@amazon.de,Female,14,92507,1963-04-07
282,Kathy,Fuller,kfuller7t@youku.com,Female,03,58178,2014-09-03
283,Gary,Stone,gstone7u@gov.uk,Male,47,66244,1995-01-14
284,Jeremy,Cunningham,jcunningham7v@salon.com,Male,84,265166,1982-07-28
285,Philip,Holmes,pholmes7w@photobucket.com,Male,89,825192,1994-09-28
286,Mark,Welch,mwelch7x@scribd.com,Male,55,39542,1985-02-13
287,Julie,Schmidt,jschmidt7y@skype.com,Female,04,915624,2003-07-09
288,Kimberly,Perez,kperez7z@wiley.com,Female,35,254497,2014-12-26
289,Christine,Henry,chenry80@sogou.com,Female,72,62816,2000-02-29
290,Kathy,King,kking81@statcounter.com,Female,29,001076,1970-01-03
291,Wanda,Perkins,wperkins82@list-manage.com,Female,35,73361,2004-07-08
292,Michelle,Fox,mfox83@slashdot.org,Female,05,39008,1979-12-28
293,Stephanie,Porter,sporter84@topsy.com,Female,65,94271,1987-06-21
294,Cheryl,Berry,cberry85@chicagotribune.com,Female,04,20610,1993-04-25
295,Martin,Hughes,mhughes86@jalbum.net,Male,68,41410,1974-06-18
296,Stephanie,Porter,sporter87@msu.edu,Female,93,11839,1963-12-25
297,Earl,Campbell,ecampbell88@aboutads.info,Male,78,15516,1960-06-16
298,Margaret,Carter,mcarter89@newsvine.com,Female,31,086703,2002-02-04
299,Joyce,Turner,jturner8a@goo.ne.jp,Female,29,27592,2010-07-13
300,Nicole,Fox,nfox8b@zdnet.com,Female,63,893822,2005-04-02
301,Gloria,Robertson,grobertson8c@behance.net,Female,39,295189,1994-04-21
302,Rebecca,Snyder,rsnyder8d@huffingtonpost.com,Female,48,14136,1953-03-24
303,Virginia,Meyer,vmeyer8e@comcast.net,Female,27,18603,1953-11-19
304,Ernest,Ray,eray8f@1und1.de,Male,42,470126,2005-02-03
305,Antonio,Reid,areid8g@icq.com,Male,32,12138,1969-04-04
306,Benjamin,Howard,bhoward8h@indiatimes.com,Male,87,537248,1987-07-14
307,Joyce,Little,jlittle8i@hibu.com,Female,46,335511,1961-07-06
308,Paul,Ford,pford8j@prnewswire.com,Male,75,68654,1985-02-03
309,Irene,Scott,iscott8k@digg.com,Female,42,596099,1994-12-09
310,Roger,Oliver,roliver8l@ifeng.com,Male,11,94664,2008-06-29
311,Gregory,Martin,gmartin8m@mashable.com,Male,58,71564,2012-02-23
312,Lori,Wood,lwood8n@twitpic.com,Female,94,855930,1954-10-20
313,Ronald,Little,rlittle8o@mapy.cz,Male,05,205025,1966-08-05
314,Julia,Andrews,jandrews8p@go.com,Female,37,743425,1958-10-10
315,Nicole,Phillips,nphillips8q@360.cn,Female,27,344041,1984-12-13
316,Stephanie,Chavez,schavez8r@craigslist.org,Female,50,66534,1969-11-11
317,Stephanie,Harper,sharper8s@admin.ch,Female,05,895559,1977-01-21
318,Ruby,Romero,rromero8t@auda.org.au,Female,68,544123,1951-10-15
319,Jason,Ryan,jryan8u@canalblog.com,Male,03,375799,1958-11-19
320,Judy,Black,jblack8v@amazon.co.jp,Female,41,607905,1985-09-01
321,Keith,Robinson,krobinson8w@umn.edu,Male,48,44891,2011-04-09
322,Shirley,Fowler,sfowler8x@123-reg.co.uk,Female,23,84107,2009-05-31
323,Amanda,Dean,adean8y@tuttocitta.it,Female,16,74201,2007-09-14
324,Julia,Murray,jmurray8z@themeforest.net,Female,35,200910,2014-02-19
325,Willie,Allen,wallen90@blogtalkradio.com,Male,34,329035,2014-03-13
326,Benjamin,James,bjames91@ustream.tv,Male,40,296951,1956-06-08
327,Norma,Williams,nwilliams92@answers.com,Female,16,577335,2010-01-10
328,Virginia,Russell,vrussell93@free.fr,Female,47,25940,2003-01-26
329,James,Fuller,jfuller94@newyorker.com,Male,54,61146,1961-11-08
330,Clarence,Murphy,cmurphy95@weather.com,Male,73,55800,2002-04-04
331,Sarah,Harper,sharper96@people.com.cn,Female,65,466268,2007-10-14
332,Pamela,Bailey,pbailey97@list-manage.com,Female,15,63356,2013-11-30
333,Tina,Rose,trose98@github.io,Female,65,102364,1977-03-11
334,Wayne,Patterson,wpatterson99@addtoany.com,Male,99,21564,2015-10-19
335,Stephanie,Wells,swells9a@tripod.com,Female,68,45786,1982-12-16
336,Deborah,Ellis,dellis9b@state.gov,Female,91,488425,1988-02-29
337,Ronald,Lewis,rlewis9c@china.com.cn,Male,18,74839,1967-11-02
338,Joshua,Howell,jhowell9d@psu.edu,Male,02,938155,1964-10-19
339,Julia,Russell,jrussell9e@typepad.com,Female,76,702819,1974-09-29
340,Sara,Sanchez,ssanchez9f@wunderground.com,Female,70,11004,1996-02-09
341,Rebecca,Young,ryoung9g@illinois.edu,Female,55,068276,1961-04-05
342,Wayne,Hayes,whayes9h@a8.net,Male,99,47036,2012-08-18
343,Andrea,Kelly,akelly9i@theatlantic.com,Female,57,027024,2008-09-17
344,Adam,Ruiz,aruiz9j@auda.org.au,Male,47,658997,2010-08-14
345,Ann,Wagner,awagner9k@nsw.gov.au,Female,84,24206,1996-09-27
346,Brandon,King,bking9l@aboutads.info,Male,97,498963,1951-02-01
347,Anna,Hall,ahall9m@hao123.com,Female,73,557864,1956-01-22
348,Gloria,Snyder,gsnyder9n@columbia.edu,Female,81,995525,1950-03-10
349,Judith,West,jwest9o@live.com,Female,79,41914,1964-04-05
350,Matthew,Myers,mmyers9p@dell.com,Male,42,18134,1965-07-23
351,Bobby,Murray,bmurray9q@nhs.uk,Male,93,30629,1992-01-02
352,Phyllis,Reid,preid9r@pcworld.com,Female,71,864777,2001-07-14
353,Sean,Montgomery,smontgomery9s@pagesperso-orange.fr,Male,92,02794,1958-01-16
354,Carl,Medina,cmedina9t@mapy.cz,Male,76,72384,1964-03-29
355,Ronald,Burns,rburns9u@nsw.gov.au,Male,45,92559,2001-07-18
356,Jeffrey,Rose,jrose9v@blogs.com,Male,82,82829,2011-10-11
357,Anna,Oliver,aoliver9w@blogs.com,Female,46,75030,1996-12-14
358,Henry,Burton,hburton9x@topsy.com,Male,26,26113,1960-09-12
359,Deborah,Howard,dhoward9y@yellowbook.com,Female,43,331331,1982-07-21
360,Laura,Bowman,lbowman9z@elpais.com,Female,02,582092,1961-09-12
361,Richard,Parker,rparkera0@163.com,Male,63,645518,1977-07-08
362,Alan,Burke,aburkea1@omniture.com,Male,54,26017,2006-12-06
363,Terry,Mitchell,tmitchella2@gov.uk,Male,84,39372,1978-06-16
364,Joan,Washington,jwashingtona3@yale.edu,Female,62,45353,1966-07-02
365,Amy,Warren,awarrena4@macromedia.com,Female,91,23147,1993-02-04
366,Cynthia,Palmer,cpalmera5@bbb.org,Female,56,427526,1991-10-11
367,Nicholas,Wagner,nwagnera6@ft.com,Male,61,82995,2001-01-15
368,Sharon,Howard,showarda7@shop-pro.jp,Female,64,19719,1984-03-03
369,Jesse,Burton,jburtona8@auda.org.au,Male,28,326035,1969-12-02
370,Samuel,Hayes,shayesa9@google.com.au,Male,16,855290,1980-09-17
371,Cynthia,Diaz,cdiazaa@dion.ne.jp,Female,34,76332,1950-02-20
372,Nicole,Stanley,nstanleyab@ucoz.ru,Female,89,530142,1990-01-10
373,Diane,Peters,dpetersac@irs.gov,Female,05,70201,1985-02-23
374,Roy,Little,rlittlead@topsy.com,Male,12,63809,1996-08-25
375,Joshua,Henderson,jhendersonae@admin.ch,Male,62,863086,2000-05-09
376,Henry,Hughes,hhughesaf@patch.com,Male,38,72720,1982-10-03
377,Tina,Simmons,tsimmonsag@google.fr,Female,86,71143,1955-10-10
378,James,Marshall,jmarshallah@google.ru,Male,85,870765,1983-03-19
379,Alan,Ellis,aellisai@deviantart.com,Male,85,80508,2013-08-26
380,Rose,Hayes,rhayesaj@yellowbook.com,Female,76,50121,1955-04-19
381,Betty,Myers,bmyersak@discuz.net,Female,47,44578,1986-02-05
382,Carlos,Ryan,cryanal@buzzfeed.com,Male,54,648519,1956-11-28
383,Louise,Matthews,lmatthewsam@nih.gov,Female,78,43474,1967-10-22
384,Rose,Perez,rperezan@unblog.fr,Female,47,46311,1990-12-11
385,Alice,Stanley,astanleyao@goodreads.com,Female,04,98951,1959-06-21
386,Joyce,Mitchell,jmitchellap@latimes.com,Female,82,94580,1957-05-14
387,Mark,Jones,mjonesaq@google.com.hk,Male,39,64912,2010-10-17
388,George,Reid,greidar@sakura.ne.jp,Male,69,038996,1970-05-31
389,Helen,Romero,hromeroas@wikia.com,Female,59,430588,1988-03-29
390,Marie,Willis,mwillisat@paypal.com,Female,38,44713,1979-11-24
391,Donald,Martinez,dmartinezau@hugedomains.com,Male,97,61499,1974-03-22
392,David,Greene,dgreeneav@hao123.com,Male,45,10988,2000-03-12
393,Samuel,Ruiz,sruizaw@addtoany.com,Male,14,109757,1966-07-03
394,Helen,Oliver,holiverax@discovery.com,Female,00,111313,2000-05-19
395,Fred,Anderson,fandersonay@wunderground.com,Male,11,470392,1990-10-09
396,Billy,Thompson,bthompsonaz@geocities.com,Male,07,81115,1981-01-09
397,Judy,Cook,jcookb0@mit.edu,Female,82,963425,1988-02-21
398,Joshua,Gordon,jgordonb1@ehow.com,Male,58,582740,2012-10-07
399,Mildred,Martin,mmartinb2@mtv.com,Female,99,506495,2014-12-07
400,Jessica,Bailey,jbaileyb3@naver.com,Female,51,45680,1975-01-15
401,Russell,Young,ryoungb4@ocn.ne.jp,Male,01,954654,2007-05-29
402,Carolyn,Arnold,carnoldb5@purevolume.com,Female,68,567226,1995-12-14
403,Charles,Kelley,ckelleyb6@cafepress.com,Male,02,932999,1950-12-17
404,Eric,Mendoza,emendozab7@businesswire.com,Male,32,11867,1956-11-28
405,Russell,Morris,rmorrisb8@google.de,Male,74,12147,1962-03-25
406,Shawn,Palmer,spalmerb9@patch.com,Male,87,146511,1993-01-25
407,Lisa,Gardner,lgardnerba@answers.com,Female,60,310808,2007-04-13
408,Phyllis,Torres,ptorresbb@mlb.com,Female,29,47444,1987-04-28
409,Frances,Mitchell,fmitchellbc@canalblog.com,Female,52,35808,1981-03-03
410,Timothy,Johnston,tjohnstonbd@pen.io,Male,28,220423,1971-07-11
411,Sarah,Daniels,sdanielsbe@squidoo.com,Female,75,77530,1974-07-05
412,Russell,Wright,rwrightbf@meetup.com,Male,25,949492,1987-05-30
413,Irene,Berry,iberrybg@nbcnews.com,Female,83,81669,1989-03-29
414,Todd,Grant,tgrantbh@nationalgeographic.com,Male,13,710567,1999-09-28
415,Ernest,Harper,eharperbi@opensource.org,Male,15,198200,1984-09-03
416,Ernest,Ramirez,eramirezbj@yolasite.com,Male,74,14180,1952-09-12
417,Helen,Diaz,hdiazbk@mayoclinic.com,Female,25,62070,1970-08-01
418,Pamela,Hicks,phicksbl@howstuffworks.com,Female,06,15771,2004-03-27
419,Paula,Bell,pbellbm@hc360.com,Female,64,74460,2002-02-02
420,Tammy,Evans,tevansbn@usa.gov,Female,32,454463,1962-08-20
421,Helen,Hamilton,hhamiltonbo@businessweek.com,Female,10,432336,1965-03-28
422,Lois,Butler,lbutlerbp@ow.ly,Female,10,93742,1980-04-01
423,Eric,Morrison,emorrisonbq@printfriendly.com,Male,62,286558,2006-04-20
424,Daniel,Ortiz,dortizbr@yale.edu,Male,20,89224,1950-04-05
425,Tina,Cox,tcoxbs@livejournal.com,Female,48,65677,1973-12-14
426,Patrick,Wood,pwoodbt@state.tx.us,Male,94,50608,2008-02-12
427,Betty,Powell,bpowellbu@goo.gl,Female,07,63454,1969-08-04
428,Nicole,Nelson,nnelsonbv@lycos.com,Female,23,12425,2015-06-15
429,Karen,Taylor,ktaylorbw@state.tx.us,Female,49,92452,1958-09-30
430,Nancy,Little,nlittlebx@geocities.com,Female,44,72914,1954-05-11
431,Carolyn,Medina,cmedinaby@yahoo.co.jp,Female,17,00803,1957-03-19
432,Victor,Jenkins,vjenkinsbz@goo.gl,Male,29,631576,1985-06-20
433,Billy,Woods,bwoodsc0@seattletimes.com,Male,28,45529,1986-01-02
434,Roger,Gordon,rgordonc1@aboutads.info,Male,42,87443,2001-02-11
435,Samuel,Peterson,spetersonc2@reddit.com,Male,25,908906,2007-12-16
436,Joan,Gardner,jgardnerc3@sun.com,Female,70,90940,1974-07-17
437,Brian,Castillo,bcastilloc4@cisco.com,Male,51,735748,1971-08-08
438,Martha,Williams,mwilliamsc5@prlog.org,Female,74,95960,2006-01-15
439,Denise,Robinson,drobinsonc6@histats.com,Female,89,18826,2006-10-01
440,Shirley,Wallace,swallacec7@fda.gov,Female,60,128549,1991-06-15
441,Ann,Rodriguez,arodriguezc8@wordpress.org,Female,88,28517,1970-01-10
442,Virginia,Montgomery,vmontgomeryc9@cbc.ca,Female,24,29972,2015-11-01
443,Eugene,Schmidt,eschmidtca@php.net,Male,21,55916,2000-03-07
444,Maria,Armstrong,marmstrongcb@china.com.cn,Female,31,664701,1996-01-25
445,Rachel,Hall,rhallcc@noaa.gov,Female,34,309643,1957-08-21
446,Joe,Taylor,jtaylorcd@dot.gov,Male,58,68261,1978-08-29
447,Arthur,Murray,amurrayce@comcast.net,Male,88,438155,1963-04-04
448,Philip,Rice,pricecf@1und1.de,Male,10,82247,2008-06-27
449,Jose,Harvey,jharveycg@biblegateway.com,Male,05,60637,1952-05-30
450,Steven,Martin,smartinch@people.com.cn,Male,78,278105,1976-02-15
451,Ann,Robinson,arobinsonci@patch.com,Female,45,641533,2013-12-06
452,Carolyn,Webb,cwebbcj@noaa.gov,Female,64,908317,1998-05-21
453,Joan,Fox,jfoxck@bloglines.com,Female,47,515783,1977-12-02
454,Jesse,Tucker,jtuckercl@163.com,Male,31,32345,1982-11-29
455,Carlos,Carroll,ccarrollcm@amazon.de,Male,42,68976,2006-08-20
456,Maria,Phillips,mphillipscn@pinterest.com,Female,26,721792,1981-07-01
457,Irene,Greene,igreeneco@freewebs.com,Female,12,66645,1951-12-13
458,Jean,Black,jblackcp@devhub.com,Female,04,26930,1999-08-13
459,Christopher,Fields,cfieldscq@woothemes.com,Male,62,56161,1968-09-27
460,Ann,Shaw,ashawcr@godaddy.com,Female,57,342152,1955-02-03
461,Earl,Thompson,ethompsoncs@admin.ch,Male,42,44748,1966-07-26
462,Walter,Romero,wromeroct@webeden.co.uk,Male,69,044805,1999-12-13
463,Steve,Johnston,sjohnstoncu@tripadvisor.com,Male,28,95162,2016-03-19
464,Stephen,King,skingcv@cornell.edu,Male,86,86164,1995-11-19
465,Phillip,Nelson,pnelsoncw@opera.com,Male,87,807692,1969-10-09
466,Sharon,Henry,shenrycx@nydailynews.com,Female,71,765438,1983-02-12
467,Bruce,Howard,bhowardcy@wisc.edu,Male,80,415258,2016-02-24
468,Tina,Ryan,tryancz@wp.com,Female,96,654157,2001-05-06
469,Carl,White,cwhited0@friendfeed.com,Male,82,70503,2012-01-08
470,Nancy,Mccoy,nmccoyd1@redcross.org,Female,44,093516,1962-08-12
471,Roger,Fisher,rfisherd2@furl.net,Male,45,80618,1981-03-11
472,Jean,Bryant,jbryantd3@tmall.com,Female,72,212587,1962-12-10
473,Harry,Henderson,hhendersond4@instagram.com,Male,39,904024,2011-02-20
474,Gloria,Garcia,ggarciad5@lulu.com,Female,46,342235,2014-01-06
475,Russell,Matthews,rmatthewsd6@123-reg.co.uk,Male,74,807771,1956-01-31
476,Robin,Morales,rmoralesd7@sciencedirect.com,Female,26,60327,2000-04-24
477,Wayne,Hall,whalld8@washingtonpost.com,Male,51,41656,1991-07-06
478,David,Bennett,dbennettd9@drupal.org,Male,79,88521,1964-05-26
479,Kenneth,Bennett,kbennettda@free.fr,Male,30,46372,1999-04-25
480,Adam,Riley,arileydb@independent.co.uk,Male,07,24594,2005-04-21
481,Joyce,Jones,jjonesdc@spiegel.de,Female,38,721112,2012-11-05
482,Benjamin,Brown,bbrowndd@zimbio.com,Male,46,12861,1993-01-26
483,Tina,Wood,twoodde@wisc.edu,Female,38,22518,1962-04-08
484,Michael,Chavez,mchavezdf@answers.com,Male,60,13471,1999-09-29
485,Carl,Stephens,cstephensdg@phoca.cz,Male,73,18513,2006-04-04
486,Deborah,Greene,dgreenedh@devhub.com,Female,25,805238,2003-04-22
487,Justin,Woods,jwoodsdi@bbc.co.uk,Male,67,017645,1959-01-19
488,Jessica,Howard,jhowarddj@mtv.com,Female,55,99598,1989-02-26
489,Jennifer,Ortiz,jortizdk@hao123.com,Female,59,49065,1995-09-14
490,Jerry,Burke,jburkedl@macromedia.com,Male,96,007182,1985-04-15
491,Lillian,Welch,lwelchdm@bandcamp.com,Female,66,47812,2012-02-24
492,Mark,Burns,mburnsdn@ibm.com,Male,28,56196,1956-02-11
493,Timothy,Perry,tperrydo@spotify.com,Male,10,76366,1997-06-28
494,Beverly,Harvey,bharveydp@jimdo.com,Female,89,744549,1999-03-03
495,Norma,Watkins,nwatkinsdq@printfriendly.com,Female,21,77638,1975-12-12
496,Wanda,Hawkins,whawkinsdr@ihg.com,Female,91,237829,2009-01-21
497,Gary,Hunter,ghunterds@addthis.com,Male,25,430579,1981-06-29
498,David,Reynolds,dreynoldsdt@slashdot.org,Male,30,560838,1988-09-03
499,Eric,Wood,ewooddu@arstechnica.com,Male,09,56204,1975-04-06
500,David,Flores,dfloresdv@jimdo.com,Male,19,61605,1997-12-09
501,Brian,Young,byoungdw@prlog.org,Male,81,544032,2005-12-28
502,Christopher,Hart,chartdx@google.com.au,Male,92,430382,2002-01-20
503,Patrick,Cox,pcoxdy@state.gov,Male,14,78761,1972-10-26
504,Jason,White,jwhitedz@netlog.com,Male,14,28971,1971-05-16
505,Stephanie,Wood,swoode0@lycos.com,Female,75,87675,2000-03-08
506,Judy,Wilson,jwilsone1@yahoo.com,Female,73,376693,1996-12-21
507,Roy,Montgomery,rmontgomerye2@soup.io,Male,69,85619,1965-07-24
508,James,Lawson,jlawsone3@senate.gov,Male,94,135951,2011-07-14
509,Arthur,Hernandez,ahernandeze4@1und1.de,Male,06,193271,2015-06-14
510,Frank,Cook,fcooke5@cloudflare.com,Male,87,648198,1966-02-06
511,Patricia,Morgan,pmorgane6@noaa.gov,Female,13,48395,2009-03-29
512,Betty,Gutierrez,bgutierreze7@imdb.com,Female,38,05992,1968-07-15
513,Rebecca,Gonzales,rgonzalese8@sogou.com,Female,78,414837,2012-06-03
514,Angela,Stephens,astephense9@4shared.com,Female,50,12692,2003-10-29
515,Shawn,Gonzalez,sgonzalezea@google.co.jp,Male,81,70426,1979-01-13
516,Earl,Sullivan,esullivaneb@webs.com,Male,82,329533,1964-09-29
517,Cynthia,Gomez,cgomezec@freewebs.com,Female,71,63934,2014-12-05
518,Walter,Bailey,wbaileyed@gov.uk,Male,22,647043,2007-11-30
519,Marie,Price,mpriceee@patch.com,Female,41,439187,1966-07-19
520,Amy,Wood,awoodef@oaic.gov.au,Female,43,843595,2008-12-08
521,Jesse,Sims,jsimseg@domainmarket.com,Male,95,335083,1969-11-14
522,Raymond,Arnold,rarnoldeh@e-recht24.de,Male,59,680842,1995-11-04
523,Julia,White,jwhiteei@usnews.com,Female,34,60335,1982-08-08
524,Christopher,Larson,clarsonej@ucoz.ru,Male,52,12351,1977-01-31
525,Amanda,Brooks,abrooksek@narod.ru,Female,81,76927,1952-04-29
526,Jimmy,Miller,jmillerel@over-blog.com,Male,78,246445,1989-01-27
527,Phillip,Green,pgreenem@europa.eu,Male,39,24219,1951-09-16
528,Steven,Cox,scoxen@ihg.com,Male,48,809591,1973-01-30
529,George,Perez,gperezeo@ucoz.com,Male,11,604557,1998-01-18
530,Christine,Porter,cporterep@godaddy.com,Female,43,38635,2009-05-03
531,Jack,Lawson,jlawsoneq@gnu.org,Male,44,409645,1950-12-10
532,Laura,Mccoy,lmccoyer@bravesites.com,Female,99,53209,1983-05-02
533,Eugene,Wright,ewrightes@bbc.co.uk,Male,33,597769,1965-11-03
534,Lillian,Larson,llarsonet@forbes.com,Female,31,34098,1950-11-19
535,Andrew,Howard,ahowardeu@creativecommons.org,Male,08,740115,1991-01-30
536,Mark,Harvey,mharveyev@github.io,Male,87,721585,1957-11-01
537,Shawn,Ray,srayew@php.net,Male,32,12068,1973-11-30
538,Julie,Butler,jbutlerex@merriam-webster.com,Female,00,68277,2016-07-15
539,Nicole,Morris,nmorrisey@tmall.com,Female,83,942483,2003-01-28
540,Irene,Day,idayez@columbia.edu,Female,98,83959,1986-12-03
541,Sarah,Medina,smedinaf0@va.gov,Female,34,33780,1961-11-29
542,Frank,Frazier,ffrazierf1@google.ru,Male,08,81926,1987-07-08
543,Roger,Snyder,rsnyderf2@hao123.com,Male,89,037908,1994-07-28
544,David,Jordan,djordanf3@booking.com,Male,02,591123,1996-07-28
545,Steven,Sanchez,ssanchezf4@netlog.com,Male,38,510068,1960-03-22
546,Elizabeth,Spencer,espencerf5@people.com.cn,Female,94,525565,1980-04-03
547,Betty,Anderson,bandersonf6@blogger.com,Female,77,84190,2014-10-15
548,Antonio,Mitchell,amitchellf7@t-online.de,Male,42,18397,1967-11-20
549,Arthur,Hicks,ahicksf8@arizona.edu,Male,14,25025,1965-10-14
550,Phillip,Powell,ppowellf9@forbes.com,Male,75,214343,1987-01-26
551,Sarah,Vasquez,svasquezfa@bing.com,Female,81,998013,2007-11-04
552,Mildred,Murphy,mmurphyfb@unc.edu,Female,07,196587,1957-11-21
553,Lori,Russell,lrussellfc@rediff.com,Female,94,85434,2007-08-16
554,Albert,Robertson,arobertsonfd@dion.ne.jp,Male,71,02315,1987-08-05
555,Billy,Porter,bporterfe@gnu.org,Male,62,301924,2011-12-07
556,Thomas,Holmes,tholmesff@oracle.com,Male,25,238329,1998-03-11
557,Raymond,Snyder,rsnyderfg@drupal.org,Male,10,766142,1987-01-19
558,Christina,Sullivan,csullivanfh@networksolutions.com,Female,20,73266,1989-02-17
559,Kimberly,Dean,kdeanfi@netvibes.com,Female,28,13720,1999-11-25
560,Benjamin,Gonzalez,bgonzalezfj@omniture.com,Male,82,496435,1995-11-08
561,Scott,Gardner,sgardnerfk@reference.com,Male,24,36935,1989-11-26
562,Gregory,Burton,gburtonfl@examiner.com,Male,80,444784,1997-10-06
563,Amanda,Ortiz,aortizfm@yolasite.com,Female,62,819040,1962-02-13
564,Ruth,Day,rdayfn@aboutads.info,Female,91,43064,1984-05-16
565,Ernest,Bowman,ebowmanfo@admin.ch,Male,41,106096,1964-03-30
566,Benjamin,Nguyen,bnguyenfp@clickbank.net,Male,01,47385,1977-06-20
567,Todd,Sullivan,tsullivanfq@hugedomains.com,Male,23,02104,1996-04-19
568,Amanda,Gordon,agordonfr@about.me,Female,33,879372,1986-04-10
569,Catherine,Powell,cpowellfs@furl.net,Female,11,33326,2001-05-19
570,Margaret,Rose,mroseft@mlb.com,Female,90,27204,1964-05-20
571,Lisa,Evans,levansfu@ovh.net,Female,20,196641,2016-10-01
572,Bobby,Smith,bsmithfv@tuttocitta.it,Male,71,05936,1953-09-20
573,Jason,Spencer,jspencerfw@themeforest.net,Male,55,72756,2016-05-28
574,Ryan,Kelly,rkellyfx@state.tx.us,Male,28,89955,1988-06-30
575,Carl,Mccoy,cmccoyfy@youtube.com,Male,94,546546,1998-11-29
576,Albert,Spencer,aspencerfz@nymag.com,Male,85,797781,2009-12-15
577,Aaron,Watkins,awatkinsg0@diigo.com,Male,02,638366,1957-01-09
578,Cynthia,Washington,cwashingtong1@storify.com,Female,20,17067,1965-12-23
579,Robert,Ray,rrayg2@mapy.cz,Male,47,48979,1959-10-05
580,Joyce,Jackson,jjacksong3@unicef.org,Female,90,442275,1986-12-23
581,Heather,Martin,hmarting4@1688.com,Female,79,240146,1997-09-15
582,Beverly,Cruz,bcruzg5@wp.com,Female,86,30842,1954-06-08
583,Julie,Adams,jadamsg6@msn.com,Female,34,54877,1983-01-31
584,Norma,Reynolds,nreynoldsg7@tiny.cc,Female,19,195925,2002-06-11
585,Ruth,Payne,rpayneg8@si.edu,Female,27,70590,1970-04-03
586,Amanda,Morrison,amorrisong9@newsvine.com,Female,47,678328,1966-08-13
587,Emily,Garrett,egarrettga@1688.com,Female,84,474211,2005-10-30
588,Mark,King,mkinggb@purevolume.com,Male,04,73091,2004-11-30
589,Kelly,Ryan,kryangc@tripadvisor.com,Female,57,54255,2016-12-07
590,Chris,Robinson,crobinsongd@examiner.com,Male,37,936843,1959-07-20
591,Douglas,Watkins,dwatkinsge@dyndns.org,Male,15,600984,1970-05-07
592,Jimmy,Schmidt,jschmidtgf@trellian.com,Male,34,255692,1969-09-29
593,Barbara,Adams,badamsgg@weather.com,Female,54,38136,2007-05-12
594,Robert,Frazier,rfraziergh@wix.com,Male,13,99095,2008-01-08
595,Kathleen,Butler,kbutlergi@sourceforge.net,Female,98,04208,1959-12-13
596,Betty,Castillo,bcastillogj@exblog.jp,Female,74,59279,1992-02-03
597,Phillip,Robertson,probertsongk@washington.edu,Male,55,17403,1967-12-02
598,Lillian,Walker,lwalkergl@dyndns.org,Female,88,411176,1992-11-23
599,Irene,Armstrong,iarmstronggm@squidoo.com,Female,51,490768,1964-10-28
600,Joshua,Medina,jmedinagn@list-manage.com,Male,53,306270,1964-09-20
601,Teresa,White,twhitego@princeton.edu,Female,29,11801,1997-03-04
602,Brian,Willis,bwillisgp@deliciousdays.com,Male,40,76395,2002-04-29
603,Denise,Kelley,dkelleygq@time.com,Female,39,32712,1983-07-18
604,Fred,Wallace,fwallacegr@apache.org,Male,25,95930,2007-02-27
605,Jean,Garcia,jgarciags@nature.com,Female,03,491341,1960-08-17
606,Jesse,Gardner,jgardnergt@lycos.com,Male,11,328243,2013-08-16
607,Betty,Stewart,bstewartgu@taobao.com,Female,85,377566,2012-07-18
608,Debra,Watkins,dwatkinsgv@meetup.com,Female,72,43068,1986-07-29
609,Annie,Bennett,abennettgw@xrea.com,Female,60,521093,2000-05-31
610,Carolyn,Berry,cberrygx@gov.uk,Female,04,390004,1952-10-16
611,Norma,Scott,nscottgy@earthlink.net,Female,80,50809,1982-02-11
612,Aaron,Ward,awardgz@ow.ly,Male,03,227666,2007-04-03
613,Julie,Andrews,jandrewsh0@auda.org.au,Female,30,61103,2003-09-07
614,Martin,Thomas,mthomash1@hostgator.com,Male,85,380724,1997-05-16
615,Diane,Reynolds,dreynoldsh2@ning.com,Female,42,98603,1965-12-11
616,Denise,Duncan,dduncanh3@paypal.com,Female,12,894353,1977-08-11
617,Lois,Long,llongh4@abc.net.au,Female,68,85676,1975-10-02
618,Maria,Wallace,mwallaceh5@fc2.com,Female,43,78945,1998-08-15
619,Debra,Lawson,dlawsonh6@nydailynews.com,Female,68,86728,1961-08-07
620,Howard,Brown,hbrownh7@google.com,Male,25,041609,1968-06-26
621,Craig,Williams,cwilliamsh8@tiny.cc,Male,22,116088,1968-03-10
622,Catherine,Kelly,ckellyh9@list-manage.com,Female,77,59802,1952-05-02
623,Walter,Diaz,wdiazha@sakura.ne.jp,Male,48,159264,1976-02-18
624,Amy,Schmidt,aschmidthb@reuters.com,Female,96,804640,1979-11-10
625,Christina,Evans,cevanshc@nydailynews.com,Female,60,15568,1983-10-06
626,Howard,Duncan,hduncanhd@google.es,Male,29,236806,1959-03-31
627,Julia,Murray,jmurrayhe@illinois.edu,Female,70,12244,2016-04-26
628,Barbara,Walker,bwalkerhf@pen.io,Female,66,86628,1962-04-27
629,Robin,Richards,rrichardshg@acquirethisname.com,Female,41,520256,1970-06-29
630,Scott,Simmons,ssimmonshh@cnbc.com,Male,27,55797,1970-01-05
631,Catherine,Knight,cknighthi@tinyurl.com,Female,96,41596,1997-02-12
632,Christina,Patterson,cpattersonhj@nydailynews.com,Female,76,80485,1979-07-09
633,Heather,Alvarez,halvarezhk@zimbio.com,Female,21,79322,1996-11-05
634,Bobby,Lawson,blawsonhl@redcross.org,Male,08,69584,1989-08-10
635,Paul,Clark,pclarkhm@springer.com,Male,78,929613,1997-12-24
636,Patrick,Howell,phowellhn@guardian.co.uk,Male,08,307866,1987-02-25
637,Larry,Roberts,lrobertsho@ft.com,Male,82,80532,2006-10-12
638,Ann,Sims,asimshp@sciencedaily.com,Female,81,545539,2014-01-13
639,Andrea,Sims,asimshq@yolasite.com,Female,15,533912,1977-07-18
640,Shirley,Nguyen,snguyenhr@cocolog-nifty.com,Female,72,53379,2011-03-25
641,Maria,Bennett,mbennetths@amazonaws.com,Female,44,12994,1992-07-16
642,Lois,Thomas,lthomasht@yellowbook.com,Female,80,606810,1954-07-12
643,Doris,Butler,dbutlerhu@infoseek.co.jp,Female,33,945213,1972-12-08
644,Anna,Duncan,aduncanhv@exblog.jp,Female,34,939005,1985-08-16
645,Benjamin,Harper,bharperhw@adobe.com,Male,26,14014,1974-12-24
646,Katherine,Ray,krayhx@forbes.com,Female,99,38537,1970-09-13
647,Amy,Larson,alarsonhy@newyorker.com,Female,77,726223,2001-06-04
648,Louise,Larson,llarsonhz@umich.edu,Female,31,782576,1969-05-20
649,Jennifer,Gomez,jgomezi0@si.edu,Female,46,070507,1975-01-03
650,Betty,Henderson,bhendersoni1@constantcontact.com,Female,05,11760,2010-01-26
651,Carol,Bradley,cbradleyi2@1und1.de,Female,42,82573,1994-08-07
652,Catherine,Mccoy,cmccoyi3@xrea.com,Female,83,833371,1997-04-19
653,Diana,Rodriguez,drodriguezi4@domainmarket.com,Female,28,00831,2014-10-25
654,Doris,Nichols,dnicholsi5@harvard.edu,Female,13,606166,1984-06-21
655,Susan,Ramos,sramosi6@ted.com,Female,37,818269,2001-09-22
656,Kathleen,Perez,kperezi7@ameblo.jp,Female,42,55231,2013-03-14
657,Alan,Stephens,astephensi8@ed.gov,Male,94,332560,2014-12-23
658,Deborah,Willis,dwillisi9@xinhuanet.com,Female,97,06575,1967-11-19
659,Evelyn,Fuller,efulleria@bizjournals.com,Female,85,361909,1983-12-07
660,Albert,Barnes,abarnesib@archive.org,Male,02,03785,1951-06-07
661,Sharon,Reyes,sreyesic@scientificamerican.com,Female,00,700806,1975-01-19
662,Gary,Meyer,gmeyerid@slideshare.net,Male,77,02636,2003-08-07
663,Jonathan,Nelson,jnelsonie@pcworld.com,Male,02,629167,1997-07-26
664,Helen,Anderson,handersonif@unblog.fr,Female,49,61802,1986-07-09
665,Cheryl,Diaz,cdiazig@intel.com,Female,30,17950,1991-09-02
666,Sharon,Jackson,sjacksonih@vinaora.com,Female,36,25078,1997-12-21
667,Earl,Myers,emyersii@youtube.com,Male,51,054960,1960-07-31
668,Helen,Hunter,hhunterij@goo.ne.jp,Female,92,70077,2015-09-16
669,Carol,Lewis,clewisik@pbs.org,Female,61,91214,2004-10-05
670,Jimmy,Coleman,jcolemanil@gizmodo.com,Male,62,593570,1992-08-26
671,Ronald,Ryan,rryanim@paypal.com,Male,92,98144,2009-09-13
672,Joe,Coleman,jcolemanin@goodreads.com,Male,20,93937,2016-10-05
673,Keith,Fields,kfieldsio@dot.gov,Male,13,524391,1997-12-15
674,Edward,Bell,ebellip@macromedia.com,Male,66,258403,2016-01-02
675,Ralph,Day,rdayiq@ucsd.edu,Male,50,61100,2012-11-06
676,Scott,Armstrong,sarmstrongir@yahoo.co.jp,Male,96,25819,1950-07-30
677,Brenda,Schmidt,bschmidtis@whitehouse.gov,Female,32,73061,1980-07-15
678,Paula,Mills,pmillsit@zimbio.com,Female,63,30487,1958-05-12
679,Harold,Moore,hmooreiu@gizmodo.com,Male,42,77519,2003-06-11
680,Rose,Palmer,rpalmeriv@hugedomains.com,Female,26,721184,2006-12-09
681,Clarence,Woods,cwoodsiw@blogs.com,Male,43,09041,2012-03-22
682,Diana,Mcdonald,dmcdonaldix@addthis.com,Female,31,49290,1952-03-30
683,Gerald,Wood,gwoodiy@cnbc.com,Male,42,43522,1965-03-05
684,Ernest,Ward,ewardiz@wikimedia.org,Male,07,437626,1989-12-25
685,Amanda,Lee,aleej0@ovh.net,Female,38,822326,1985-05-25
686,Diana,Gonzalez,dgonzalezj1@who.int,Female,20,61055,1961-10-01
687,Nancy,Ruiz,nruizj2@google.com.br,Female,44,64806,1956-06-10
688,Harry,Stevens,hstevensj3@merriam-webster.com,Male,88,96811,1966-01-03
689,Joan,Rice,jricej4@plala.or.jp,Female,09,54202,1984-03-01
690,Amanda,Edwards,aedwardsj5@columbia.edu,Female,24,32110,2003-07-06
691,Robin,Gonzales,rgonzalesj6@webeden.co.uk,Female,66,34540,2015-07-31
692,Ann,Graham,agrahamj7@foxnews.com,Female,09,99762,1958-05-27
693,Nancy,Dixon,ndixonj8@cargocollective.com,Female,36,948126,1969-06-24
694,Jerry,Morales,jmoralesj9@chron.com,Male,78,889992,1968-05-25
695,Martha,Lawrence,mlawrenceja@rambler.ru,Female,86,613023,2012-09-17
696,Ryan,Bell,rbelljb@quantcast.com,Male,47,953928,2001-04-25
697,Chris,Scott,cscottjc@edublogs.org,Male,83,66401,2000-10-24
698,Janet,Weaver,jweaverjd@gravatar.com,Female,75,73486,1951-08-09
699,Jose,Peters,jpetersje@joomla.org,Male,45,19955,2004-12-24
700,Todd,Larson,tlarsonjf@liveinternet.ru,Male,60,84917,2010-07-04
701,Adam,Morris,amorrisjg@nbcnews.com,Male,97,72911,2012-11-03
702,Christopher,Alvarez,calvarezjh@ucoz.com,Male,19,519566,2008-08-21
703,Mildred,Harris,mharrisji@usda.gov,Female,14,008400,2007-04-02
704,Martha,Wagner,mwagnerjj@biblegateway.com,Female,23,993316,2004-05-25
705,Joan,Castillo,jcastillojk@reverbnation.com,Female,98,28099,1998-08-19
706,Kathy,Rivera,kriverajl@ted.com,Female,88,42094,1987-01-19
707,Laura,Ray,lrayjm@youtube.com,Female,22,19372,2010-05-21
708,Bonnie,Gutierrez,bgutierrezjn@disqus.com,Female,27,31841,1975-01-31
709,Kathryn,Pierce,kpiercejo@about.com,Female,56,76148,1971-09-19
710,Jessica,Kennedy,jkennedyjp@google.es,Female,46,98303,2004-05-18
711,Bonnie,Gonzales,bgonzalesjq@ow.ly,Female,04,67481,2012-04-29
712,Ralph,Riley,rrileyjr@accuweather.com,Male,27,129936,1985-06-11
713,Joshua,Mcdonald,jmcdonaldjs@java.com,Male,41,954443,2008-08-07
714,Robin,Rodriguez,rrodriguezjt@cafepress.com,Female,34,15863,1975-05-18
715,Roger,Richardson,rrichardsonju@seesaa.net,Male,96,405314,1958-08-28
716,Frank,Bell,fbelljv@hubpages.com,Male,01,05236,2005-06-17
717,Nicole,Evans,nevansjw@wsj.com,Female,17,225538,1959-07-09
718,Betty,Clark,bclarkjx@mediafire.com,Female,83,528353,1972-09-24
719,Julia,Kim,jkimjy@home.pl,Female,17,23861,1974-12-30
720,Martin,Gordon,mgordonjz@google.it,Male,00,47253,1963-01-07
721,Rachel,Johnston,rjohnstonk0@sakura.ne.jp,Female,48,92331,1958-10-26
722,Catherine,Sullivan,csullivank1@timesonline.co.uk,Female,72,41252,2014-03-25
723,Gerald,Webb,gwebbk2@goo.ne.jp,Male,14,77352,1957-03-30
724,Brian,Fernandez,bfernandezk3@nbcnews.com,Male,33,630594,1984-06-10
725,Stephanie,Holmes,sholmesk4@marketwatch.com,Female,46,820617,1961-02-04
726,Michael,Hayes,mhayesk5@slideshare.net,Male,19,94635,1997-04-14
727,Henry,Frazier,hfrazierk6@aol.com,Male,63,89364,1963-08-21
728,Chris,Robertson,crobertsonk7@earthlink.net,Male,79,575014,1958-11-10
729,Susan,Graham,sgrahamk8@yale.edu,Female,36,372656,1985-05-06
730,Shirley,Morrison,smorrisonk9@newsvine.com,Female,13,94832,1982-03-25
731,Martin,Mason,mmasonka@army.mil,Male,03,814318,1954-01-16
732,Gerald,Hicks,ghickskb@goo.gl,Male,71,054435,1953-05-03
733,Joshua,Robinson,jrobinsonkc@loc.gov,Male,62,843502,1985-11-12
734,Tammy,Wilson,twilsonkd@hugedomains.com,Female,65,31324,1990-12-26
735,Christine,Hill,chillke@drupal.org,Female,10,207160,2011-09-12
736,Barbara,Castillo,bcastillokf@blogtalkradio.com,Female,25,710513,2011-09-11
737,Joe,Marshall,jmarshallkg@youtube.com,Male,74,22951,1998-01-13
738,Cheryl,Campbell,ccampbellkh@mozilla.com,Female,28,575032,2002-08-01
739,Michelle,Richardson,mrichardsonki@nih.gov,Female,08,38856,2005-02-04
740,Jesse,Hudson,jhudsonkj@google.co.jp,Male,91,56315,1965-07-16
741,Ronald,Hunter,rhunterkk@woothemes.com,Male,08,314625,2014-05-18
742,Adam,Bailey,abaileykl@hugedomains.com,Male,03,89455,1960-03-26
743,Judy,Medina,jmedinakm@soup.io,Female,38,82176,1954-05-26
744,Stephanie,Diaz,sdiazkn@buzzfeed.com,Female,51,66699,1972-11-01
745,Timothy,Freeman,tfreemanko@wix.com,Male,36,43891,2005-03-17
746,Sandra,Perkins,sperkinskp@nps.gov,Female,62,59071,1961-09-21
747,Julie,Cooper,jcooperkq@tinypic.com,Female,08,19410,1995-01-14
748,Jennifer,Sullivan,jsullivankr@nbcnews.com,Female,82,125974,1999-02-08
749,Margaret,Mcdonald,mmcdonaldks@blogger.com,Female,17,410765,1980-06-13
750,Helen,Powell,hpowellkt@plala.or.jp,Female,74,21264,1990-05-30
751,Daniel,Carr,dcarrku@technorati.com,Male,28,073320,2006-01-13
752,Samuel,Montgomery,smontgomerykv@livejournal.com,Male,49,339651,1974-05-13
753,Clarence,Martinez,cmartinezkw@uol.com.br,Male,17,33772,2004-03-17
754,Ronald,Pierce,rpiercekx@printfriendly.com,Male,78,86837,1973-05-26
755,Gary,Diaz,gdiazky@sphinn.com,Male,55,622961,1966-12-29
756,Laura,Allen,lallenkz@dagondesign.com,Female,79,31772,2011-06-10
757,Thomas,Johnson,tjohnsonl0@si.edu,Male,27,643041,1951-12-10
758,Philip,Austin,paustinl1@npr.org,Male,18,83877,2003-09-25
759,Christina,Moreno,cmorenol2@cdbaby.com,Female,71,252905,2002-04-26
760,Thomas,Stephens,tstephensl3@ning.com,Male,40,797016,1999-08-28
761,Cheryl,Medina,cmedinal4@nbcnews.com,Female,36,543010,1952-10-01
762,Joe,Fisher,jfisherl5@prnewswire.com,Male,78,01438,1987-03-17
763,Paula,Price,ppricel6@arizona.edu,Female,89,629197,1992-02-09
764,Carlos,Freeman,cfreemanl7@miibeian.gov.cn,Male,43,34802,2002-11-29
765,Harry,Harris,hharrisl8@trellian.com,Male,21,664380,1995-07-07
766,Robert,Stephens,rstephensl9@auda.org.au,Male,51,71273,1973-07-21
767,Evelyn,Chapman,echapmanla@geocities.jp,Female,21,899553,1983-03-22
768,Jesse,Hunter,jhunterlb@eventbrite.com,Male,71,152876,2001-09-29
769,Philip,Fox,pfoxlc@theatlantic.com,Male,89,17850,2014-10-07
770,Douglas,Flores,dfloresld@1688.com,Male,65,06754,2004-08-11
771,Patricia,Palmer,ppalmerle@amazon.co.uk,Female,69,43021,1965-11-04
772,Teresa,Fox,tfoxlf@netscape.com,Female,74,14912,1956-09-29
773,Deborah,Chapman,dchapmanlg@netvibes.com,Female,08,07046,1963-08-13
774,Andrew,Nguyen,anguyenlh@exblog.jp,Male,41,58935,1954-05-07
775,Benjamin,Long,blongli@people.com.cn,Male,26,11054,1956-04-10
776,Martha,Little,mlittlelj@springer.com,Female,40,88554,1979-08-08
777,Nicole,Torres,ntorreslk@slideshare.net,Female,61,717058,2016-01-19
778,Joseph,Garcia,jgarciall@soundcloud.com,Male,46,207863,1999-03-11
779,Carlos,Lawrence,clawrencelm@umn.edu,Male,21,17453,1997-08-22
780,Russell,Stevens,rstevensln@macromedia.com,Male,23,225333,1994-05-13
781,Jessica,Ford,jfordlo@biglobe.ne.jp,Female,51,007387,1994-09-14
782,Frances,Grant,fgrantlp@washington.edu,Female,12,04755,1974-10-19
783,Tammy,Stephens,tstephenslq@hc360.com,Female,77,65328,1958-07-20
784,Michelle,Allen,mallenlr@freewebs.com,Female,73,35418,1982-08-30
785,Chris,Payne,cpaynels@usda.gov,Male,67,04761,2012-09-29
786,Alice,Fisher,afisherlt@cnet.com,Female,44,91261,2001-05-28
787,Charles,Holmes,cholmeslu@shutterfly.com,Male,23,30900,1970-09-23
788,Paul,Matthews,pmatthewslv@pcworld.com,Male,92,714977,1962-06-15
789,Linda,Franklin,lfranklinlw@nba.com,Female,08,50177,1985-01-22
790,Judith,Little,jlittlelx@mlb.com,Female,36,77698,1959-03-24
791,Michael,Harvey,mharveyly@springer.com,Male,12,93657,1972-12-22
792,Fred,Rogers,frogerslz@slashdot.org,Male,80,81062,1974-03-25
793,Jack,Freeman,jfreemanm0@ow.ly,Male,38,43967,1992-11-09
794,Sean,Marshall,smarshallm1@msu.edu,Male,87,107154,2003-04-02
795,Philip,Payne,ppaynem2@goo.ne.jp,Male,85,60826,1991-06-30
796,Matthew,Palmer,mpalmerm3@bigcartel.com,Male,28,595860,1999-07-22
797,Judith,Richardson,jrichardsonm4@wunderground.com,Female,11,893415,1973-09-28
798,Jerry,Duncan,jduncanm5@pagesperso-orange.fr,Male,26,189855,1991-08-26
799,Frank,Perkins,fperkinsm6@newsvine.com,Male,82,75222,1994-10-09
800,Annie,Crawford,acrawfordm7@illinois.edu,Female,78,00329,1958-04-03
801,Craig,Stanley,cstanleym8@ucla.edu,Male,36,257537,1984-08-23
802,Linda,Powell,lpowellm9@google.ru,Female,63,578149,2005-02-17
803,Jason,Wright,jwrightma@nature.com,Male,13,654807,1966-02-15
804,Terry,Hall,thallmb@shinystat.com,Male,20,800870,1995-02-04
805,Evelyn,Mason,emasonmc@acquirethisname.com,Female,64,77604,1973-09-11
806,Dorothy,Snyder,dsnydermd@xing.com,Female,56,528690,1973-07-31
807,Julia,Mason,jmasonme@europa.eu,Female,46,773118,1993-11-22
808,Randy,Hunt,rhuntmf@marriott.com,Male,19,181621,1954-06-15
809,Tina,Crawford,tcrawfordmg@irs.gov,Female,57,355128,1988-10-10
810,Randy,Turner,rturnermh@prlog.org,Male,95,778294,1979-11-13
811,Louis,Snyder,lsnydermi@columbia.edu,Male,88,330658,1993-08-05
812,Teresa,Lane,tlanemj@soup.io,Female,22,81741,2010-07-29
813,Maria,Barnes,mbarnesmk@mozilla.org,Female,14,84298,1955-03-16
814,Timothy,Spencer,tspencerml@samsung.com,Male,09,37842,1990-03-17
815,Paula,Montgomery,pmontgomerymm@joomla.org,Female,57,708547,1958-11-04
816,Rose,Clark,rclarkmn@nps.gov,Female,25,05862,1978-03-20
817,Annie,Daniels,adanielsmo@rakuten.co.jp,Female,50,905707,1969-03-13
818,Annie,Myers,amyersmp@time.com,Female,61,807515,1983-01-29
819,Kimberly,Meyer,kmeyermq@dyndns.org,Female,05,691013,1987-06-25
820,Mary,Powell,mpowellmr@disqus.com,Female,80,078431,1959-03-22
821,Christine,Holmes,cholmesms@geocities.jp,Female,00,096544,1979-09-21
822,Roy,Jones,rjonesmt@vistaprint.com,Male,96,70204,1974-10-16
823,Clarence,Edwards,cedwardsmu@washingtonpost.com,Male,12,48272,1959-02-08
824,Laura,Medina,lmedinamv@smugmug.com,Female,33,69147,1988-09-02
825,Sean,Banks,sbanksmw@samsung.com,Male,41,089189,1969-01-21
826,Heather,Ramirez,hramirezmx@webs.com,Female,16,49639,1984-03-02
827,Mary,Henderson,mhendersonmy@moonfruit.com,Female,21,45155,1968-10-16
828,Joyce,Burton,jburtonmz@nyu.edu,Female,26,361328,1965-11-11
829,Bonnie,Fernandez,bfernandezn0@amazon.co.uk,Female,00,90470,1974-01-16
830,Phyllis,Black,pblackn1@timesonline.co.uk,Female,57,919560,1995-02-23
831,Elizabeth,Harper,eharpern2@huffingtonpost.com,Female,55,96363,2016-10-05
832,Carlos,Smith,csmithn3@unesco.org,Male,62,23805,2004-11-29
833,Victor,Webb,vwebbn4@ca.gov,Male,38,070859,1966-06-11
834,Wayne,Dunn,wdunnn5@squarespace.com,Male,20,447910,1999-04-13
835,Lawrence,Sims,lsimsn6@opera.com,Male,73,677286,1965-10-14
836,Henry,Fisher,hfishern7@google.cn,Male,23,87167,1996-07-16
837,Jesse,Green,jgreenn8@skype.com,Male,55,26953,1980-03-26
838,James,Ford,jfordn9@jigsy.com,Male,72,732889,2001-10-25
839,Anna,Harvey,aharveyna@gov.uk,Female,44,989840,1962-06-20
840,Phillip,Gibson,pgibsonnb@shop-pro.jp,Male,12,477829,1988-08-21
841,Patricia,Franklin,pfranklinnc@engadget.com,Female,07,74699,1998-04-22
842,Douglas,Torres,dtorresnd@bravesites.com,Male,63,511698,1963-09-08
843,Justin,Jenkins,jjenkinsne@prweb.com,Male,76,10568,1980-04-19
844,Frances,Cooper,fcoopernf@google.it,Female,99,32768,1989-04-18
845,Anne,Cunningham,acunninghamng@constantcontact.com,Female,78,036281,1952-08-23
846,Annie,Baker,abakernh@wordpress.org,Female,52,98230,1999-11-25
847,Sean,Washington,swashingtonni@flavors.me,Male,56,113322,1974-02-27
848,Harold,Hicks,hhicksnj@myspace.com,Male,47,51151,1998-04-30
849,Bonnie,Reid,breidnk@wikimedia.org,Female,25,258841,2001-06-12
850,Kenneth,Bailey,kbaileynl@weather.com,Male,21,068408,2014-02-18
851,Robin,Cole,rcolenm@elpais.com,Female,68,89700,2007-11-27
852,Eugene,Fisher,efishernn@accuweather.com,Male,21,131052,2008-11-30
853,Stephen,Austin,saustinno@theguardian.com,Male,67,550528,1981-10-29
854,Mark,Owens,mowensnp@paginegialle.it,Male,70,93168,1951-04-23
855,Gregory,Young,gyoungnq@reverbnation.com,Male,11,79380,2008-05-26
856,Dorothy,Diaz,ddiaznr@unc.edu,Female,25,274399,2002-07-20
857,Robert,Woods,rwoodsns@w3.org,Male,52,63263,1953-07-28
858,Douglas,Cook,dcooknt@buzzfeed.com,Male,80,908585,2010-12-27
859,Roy,Henderson,rhendersonnu@moonfruit.com,Male,17,28040,1951-03-10
860,Chris,Thomas,cthomasnv@irs.gov,Male,79,99136,1965-05-18
861,Paul,Sanders,psandersnw@bigcartel.com,Male,24,874078,1993-10-15
862,Theresa,Dean,tdeannx@wikia.com,Female,13,552879,1959-04-09
863,John,Stevens,jstevensny@japanpost.jp,Male,88,844413,1978-03-02
864,Kathleen,Cook,kcooknz@microsoft.com,Female,02,72771,2000-05-17
865,Ernest,Marshall,emarshallo0@furl.net,Male,52,01173,1988-11-06
866,Christina,Bryant,cbryanto1@cnn.com,Female,98,238938,2012-11-05
867,Karen,Davis,kdaviso2@msu.edu,Female,70,80505,1958-07-08
868,James,Allen,jalleno3@soundcloud.com,Male,49,17861,2009-03-29
869,Evelyn,Lopez,elopezo4@china.com.cn,Female,10,32911,2010-11-09
870,Mark,Harvey,mharveyo5@cbc.ca,Male,40,44397,1978-05-12
871,Amy,Vasquez,avasquezo6@dyndns.org,Female,63,41597,2006-11-29
872,Rebecca,Nelson,rnelsono7@slideshare.net,Female,97,51722,1975-10-31
873,Mildred,Morales,mmoraleso8@whitehouse.gov,Female,42,15973,1999-04-24
874,Frank,Flores,ffloreso9@printfriendly.com,Male,63,06904,1952-09-29
875,David,Hunt,dhuntoa@boston.com,Male,17,045648,1976-05-05
876,Henry,Porter,hporterob@bloglovin.com,Male,68,73427,1954-06-29
877,Sandra,Coleman,scolemanoc@ask.com,Female,84,196630,1977-04-03
878,Teresa,Perez,tperezod@un.org,Female,06,654869,1958-12-06
879,Jimmy,Oliver,joliveroe@whitehouse.gov,Male,10,026173,1967-07-12
880,Joshua,Evans,jevansof@bravesites.com,Male,17,79492,2009-02-06
881,Paul,Edwards,pedwardsog@mapy.cz,Male,29,31144,2003-06-07
882,Brian,Alexander,balexanderoh@umich.edu,Male,30,818268,1998-09-07
883,Jennifer,Franklin,jfranklinoi@nydailynews.com,Female,07,231963,1992-04-20
884,Frank,Jones,fjonesoj@spiegel.de,Male,61,944261,1956-01-17
885,Dennis,Powell,dpowellok@oakley.com,Male,89,770689,1963-03-05
886,Doris,Cole,dcoleol@google.com.au,Female,35,07628,1974-01-20
887,Eugene,Gardner,egardnerom@histats.com,Male,39,536819,1950-07-27
888,Robert,Jordan,rjordanon@technorati.com,Male,13,15891,1984-07-16
889,Rebecca,Moreno,rmorenooo@cbsnews.com,Female,61,43436,1962-09-11
890,Andrew,Garcia,agarciaop@bbc.co.uk,Male,80,513023,1950-12-14
891,Teresa,Hawkins,thawkinsoq@arizona.edu,Female,01,94906,1967-10-04
892,Lillian,Thomas,lthomasor@ezinearticles.com,Female,97,381368,2008-02-27
893,Theresa,Garza,tgarzaos@tinypic.com,Female,68,35709,1981-09-01
894,Barbara,Wilson,bwilsonot@phoca.cz,Female,60,16187,2015-03-30
895,Judith,Harvey,jharveyou@xrea.com,Female,65,643961,1953-04-03
896,Christina,Frazier,cfrazierov@go.com,Female,47,52305,1993-12-05
897,Jacqueline,Ramos,jramosow@privacy.gov.au,Female,26,672708,2013-04-30
898,Harold,Martinez,hmartinezox@usatoday.com,Male,66,608172,1971-09-09
899,Chris,Perez,cperezoy@tamu.edu,Male,47,556311,1989-08-08
900,Melissa,Mason,mmasonoz@cisco.com,Female,92,94566,1997-11-12
901,Edward,Carter,ecarterp0@domainmarket.com,Male,05,902681,1964-04-05
902,Chris,Morgan,cmorganp1@arstechnica.com,Male,76,388082,1962-11-10
903,Larry,Black,lblackp2@nasa.gov,Male,58,48397,1994-04-06
904,Earl,Daniels,edanielsp3@jimdo.com,Male,93,52797,1991-07-30
905,Billy,Mitchell,bmitchellp4@cisco.com,Male,01,236509,1964-09-07
906,Mary,Peters,mpetersp5@merriam-webster.com,Female,05,67807,1967-06-01
907,Jose,Mccoy,jmccoyp6@jugem.jp,Male,78,69603,1979-08-10
908,Matthew,Ray,mrayp7@hibu.com,Male,36,244641,2013-12-12
909,Richard,Harrison,rharrisonp8@wikispaces.com,Male,52,701860,1978-05-07
910,Frances,Perry,fperryp9@un.org,Female,96,510083,1997-02-01
911,Barbara,Dunn,bdunnpa@moonfruit.com,Female,89,44098,1998-01-05
912,Joseph,Weaver,jweaverpb@yellowbook.com,Male,23,90797,2006-04-20
913,Todd,Wells,twellspc@bbc.co.uk,Male,71,363952,1983-04-24
914,Elizabeth,Morales,emoralespd@feedburner.com,Female,72,621959,1983-02-23
915,Lawrence,Martin,lmartinpe@amazon.de,Male,81,726789,1973-06-05
916,Michelle,Hanson,mhansonpf@netscape.com,Female,15,03401,1961-01-07
917,Brenda,Dean,bdeanpg@baidu.com,Female,66,00769,1960-08-22
918,Albert,Holmes,aholmesph@artisteer.com,Male,58,208969,1970-11-03
919,Johnny,Barnes,jbarnespi@linkedin.com,Male,04,90154,1973-10-01
920,Janice,Kelly,jkellypj@ifeng.com,Female,68,86653,1959-11-29
921,Debra,Garcia,dgarciapk@google.com.hk,Female,60,440112,1980-01-01
922,Angela,Ramos,aramospl@dell.com,Female,99,54917,2013-11-03
923,Paul,Lee,pleepm@ox.ac.uk,Male,94,560162,1990-02-20
924,Mary,Thompson,mthompsonpn@howstuffworks.com,Female,53,246819,1975-12-28
925,Roger,Kim,rkimpo@ft.com,Male,49,065648,1957-07-22
926,Lois,Wheeler,lwheelerpp@latimes.com,Female,24,420915,1951-03-31
927,Jonathan,Ford,jfordpq@umich.edu,Male,86,629550,1993-03-05
928,Ruth,Garrett,rgarrettpr@tripod.com,Female,14,519002,2011-12-11
929,Jean,Jackson,jjacksonps@facebook.com,Female,91,98214,2008-08-24
930,Jonathan,Carroll,jcarrollpt@ovh.net,Male,65,444064,1953-03-10
931,Kathryn,Tucker,ktuckerpu@nps.gov,Female,92,08240,2015-08-20
932,Gregory,Shaw,gshawpv@wikia.com,Male,98,780946,1976-06-16
933,Donna,Sanders,dsanderspw@cyberchimps.com,Female,29,09345,2006-05-29
934,Fred,Fuller,ffullerpx@ibm.com,Male,55,131614,1961-05-01
935,Cheryl,Rogers,crogerspy@eepurl.com,Female,50,698927,1965-12-13
936,Kimberly,Sims,ksimspz@pagesperso-orange.fr,Female,45,40544,1995-03-23
937,Christine,Welch,cwelchq0@purevolume.com,Female,78,905444,1958-06-20
938,Pamela,Wagner,pwagnerq1@uiuc.edu,Female,42,72803,2004-02-16
939,Robin,Garza,rgarzaq2@youtu.be,Female,18,272867,1994-08-08
940,Ronald,Henderson,rhendersonq3@comsenz.com,Male,07,687055,1993-06-13
941,Clarence,Cunningham,ccunninghamq4@blogs.com,Male,14,689118,1956-09-08
942,Willie,Jordan,wjordanq5@symantec.com,Male,96,14506,1998-03-29
943,David,Allen,dallenq6@instagram.com,Male,64,16693,1975-08-12
944,Debra,Kelly,dkellyq7@cargocollective.com,Female,98,470458,1989-11-21
945,Russell,Holmes,rholmesq8@sun.com,Male,56,67256,2012-08-25
946,Sharon,Harris,sharrisq9@tinyurl.com,Female,35,48621,1984-06-27
947,Judith,Franklin,jfranklinqa@adobe.com,Female,43,25713,1955-03-14
948,Kenneth,Hudson,khudsonqb@sina.com.cn,Male,77,44002,1975-03-18
949,Christine,Woods,cwoodsqc@ning.com,Female,83,623467,1996-01-06
950,Antonio,Peterson,apetersonqd@odnoklassniki.ru,Male,49,032244,1981-10-29
951,Antonio,Boyd,aboydqe@prnewswire.com,Male,47,326931,2009-09-10
952,Joe,Williams,jwilliamsqf@yellowbook.com,Male,92,17602,1975-07-19
953,Diana,Garcia,dgarciaqg@trellian.com,Female,23,847315,1984-04-27
954,Charles,Howell,chowellqh@elpais.com,Male,54,16935,2003-02-05
955,Julia,Simmons,jsimmonsqi@businesswire.com,Female,20,64531,1991-02-24
956,Diane,Matthews,dmatthewsqj@eepurl.com,Female,51,05832,1951-03-15
957,Elizabeth,Greene,egreeneqk@howstuffworks.com,Female,70,30477,1958-01-09
958,Lawrence,Powell,lpowellql@jigsy.com,Male,20,912730,1973-11-15
959,Harold,Evans,hevansqm@hp.com,Male,14,47925,1985-08-27
960,Richard,Morgan,rmorganqn@foxnews.com,Male,45,68308,1995-09-10
961,Christine,Hansen,chansenqo@mozilla.org,Female,22,729344,1981-02-19
962,Frank,Daniels,fdanielsqp@mysql.com,Male,39,64889,2016-10-16
963,Tina,Crawford,tcrawfordqq@ox.ac.uk,Female,16,47556,2005-10-20
964,Barbara,Fisher,bfisherqr@aboutads.info,Female,41,22365,2008-05-10
965,Lisa,Howell,lhowellqs@sciencedaily.com,Female,90,58335,1954-04-08
966,Joan,Ruiz,jruizqt@shinystat.com,Female,58,13076,1995-04-24
967,Mark,Scott,mscottqu@tinypic.com,Male,35,224752,1994-07-07
968,Keith,Meyer,kmeyerqv@altervista.org,Male,08,90244,1995-09-29
969,Phillip,Payne,ppayneqw@sitemeter.com,Male,77,80161,2015-04-14
970,Douglas,Perez,dperezqx@sohu.com,Male,91,71209,1957-11-23
971,Christine,Nguyen,cnguyenqy@hubpages.com,Female,76,07963,1972-10-31
972,Aaron,Clark,aclarkqz@mlb.com,Male,23,547809,1977-07-28
973,Kelly,Lee,kleer0@bravesites.com,Female,19,66042,2012-03-24
974,Susan,Oliver,soliverr1@salon.com,Female,38,078503,1990-06-02
975,Julie,Foster,jfosterr2@ifeng.com,Female,99,71222,1969-03-05
976,Jessica,Spencer,jspencerr3@plala.or.jp,Female,62,139061,1960-08-21
977,Angela,Peters,apetersr4@pbs.org,Female,16,78643,1953-08-15
978,Donald,Banks,dbanksr5@multiply.com,Male,45,10916,1998-01-22
979,Christina,Willis,cwillisr6@bloglovin.com,Female,69,85139,1994-11-10
980,Kimberly,Lewis,klewisr7@blog.com,Female,82,418268,1967-05-29
981,Donald,Lee,dleer8@phpbb.com,Male,93,922437,1983-06-23
982,Anthony,Gutierrez,agutierrezr9@gizmodo.com,Male,68,70176,1995-04-29
983,Roger,Gonzalez,rgonzalezra@histats.com,Male,05,808650,2001-01-15
984,Lawrence,Holmes,lholmesrb@vkontakte.ru,Male,02,378383,1960-08-26
985,Wanda,Crawford,wcrawfordrc@baidu.com,Female,94,916924,1973-04-29
986,Joseph,Perry,jperryrd@cisco.com,Male,01,27959,2000-04-13
987,Steven,Fields,sfieldsre@gmpg.org,Male,07,86246,1951-04-16
988,Mark,Dixon,mdixonrf@ox.ac.uk,Male,59,59145,1958-08-23
989,Keith,Alvarez,kalvarezrg@ibm.com,Male,87,931826,1995-07-10
990,James,Grant,jgrantrh@free.fr,Male,41,26793,1989-10-27
991,Lois,Howard,lhowardri@biglobe.ne.jp,Female,82,66375,1978-01-02
992,Jose,Stone,jstonerj@sohu.com,Male,92,56608,1951-07-25
993,Dorothy,Cooper,dcooperrk@discovery.com,Female,51,00917,1975-08-28
994,Rachel,Watson,rwatsonrl@xing.com,Female,89,68753,1977-09-08
995,Brenda,Ford,bfordrm@alexa.com,Female,38,35001,1971-06-08
996,Jimmy,Reynolds,jreynoldsrn@cloudflare.com,Male,20,316939,1973-01-13
997,Stephen,Parker,sparkerro@rediff.com,Male,43,28573,1996-04-17
998,Lawrence,Warren,lwarrenrp@amazon.de,Male,53,899824,1962-07-08
999,Alice,Rose,aroserq@hostgator.com,Female,54,237445,1980-05-26
1000,Marilyn,Black,mblackrr@bbb.org,Female,11,26330,1988-09-09
